drop table if exists t0;
create table t0
(
key1 int not null, 
val int not null,
PRIMARY KEY i1(key1)
);
insert into t0 values (1, 1),(2, 2),(3, 3),(4, 4),(5, 5),(6, 6),(7, 7),(8, 8);
set @d=8;
insert into t0 select key1+@d, val from t0;
set @d=@d*2;
insert into t0 select key1+@d, val from t0;
set @d=@d*2;
insert into t0 select key1+@d, val from t0;
set @d=@d*2;
insert into t0 select key1+@d, val from t0;
set @d=@d*2;
insert into t0 select key1+@d, val from t0;
set @d=@d*2;
insert into t0 select key1+@d, val from t0;
set @d=@d*2;
insert into t0 select key1+@d, val from t0;
set @d=@d*2;
insert into t0 select key1+@d, val from t0;
set @d=@d*2;
insert into t0 select key1+@d, val from t0;
set @d=@d*2;
insert into t0 select key1+@d, val from t0;
set @d=@d*2;
explain select * from t0 where key1 in (4) order by key1;
id	select_type	table	type	possible_keys	key	key_len	ref	rows	Extra
1	SIMPLE	t0	const	PRIMARY	PRIMARY	4	const	1	
select * from t0 where key1 in (4) order by key1;
key1	val
4	4
explain select * from t0 where key1 in (4, 5, 6, 7, 8, 9, 10) order by key1;
id	select_type	table	type	possible_keys	key	key_len	ref	rows	Extra
1	SIMPLE	t0	range	PRIMARY	PRIMARY	4	NULL	7	Using where
select * from t0 where key1 in (4, 5, 6, 7, 8, 9, 10) order by key1;
key1	val
4	4
5	5
6	6
7	7
8	8
9	1
10	2
explain select * from t0 where key1 in (4, 5, 6, 7, 8, 9, 10, 11, 12, 13, 14, 15, 16, 17, 18, 19, 20, 11, 12, 13, 14, 15, 16, 17, 18, 19, 20, 21, 22, 23, 24, 25, 26, 27, 28, 29, 30, 31, 32, 33, 34, 35, 36, 37, 38, 39, 40, 41, 42, 43, 44, 45, 46, 47, 48, 49, 50, 51, 52, 53, 54, 55, 56, 57, 58, 59, 60, 61, 62, 63, 64, 65, 66, 67, 68, 69, 70, 71, 72, 73, 74, 75, 76, 77, 78, 79, 80, 81, 82, 83, 84, 85, 86, 87, 88, 89, 90, 91, 92, 93, 94, 95, 96, 97, 98, 99, 100) order by key1;
id	select_type	table	type	possible_keys	key	key_len	ref	rows	Extra
1	SIMPLE	t0	range	PRIMARY	PRIMARY	4	NULL	97	Using where
select * from t0 where key1 in (4, 5, 6, 7, 8, 9, 10, 11, 12, 13, 14, 15, 16, 17, 18, 19, 20, 11, 12, 13, 14, 15, 16, 17, 18, 19, 20, 21, 22, 23, 24, 25, 26, 27, 28, 29, 30, 31, 32, 33, 34, 35, 36, 37, 38, 39, 40, 41, 42, 43, 44, 45, 46, 47, 48, 49, 50, 51, 52, 53, 54, 55, 56, 57, 58, 59, 60, 61, 62, 63, 64, 65, 66, 67, 68, 69, 70, 71, 72, 73, 74, 75, 76, 77, 78, 79, 80, 81, 82, 83, 84, 85, 86, 87, 88, 89, 90, 91, 92, 93, 94, 95, 96, 97, 98, 99, 100) order by key1;
key1	val
4	4
5	5
6	6
7	7
8	8
9	1
10	2
11	3
12	4
13	5
14	6
15	7
16	8
17	1
18	2
19	3
20	4
21	5
22	6
23	7
24	8
25	1
26	2
27	3
28	4
29	5
30	6
31	7
32	8
33	1
34	2
35	3
36	4
37	5
38	6
39	7
40	8
41	1
42	2
43	3
44	4
45	5
46	6
47	7
48	8
49	1
50	2
51	3
52	4
53	5
54	6
55	7
56	8
57	1
58	2
59	3
60	4
61	5
62	6
63	7
64	8
65	1
66	2
67	3
68	4
69	5
70	6
71	7
72	8
73	1
74	2
75	3
76	4
77	5
78	6
79	7
80	8
81	1
82	2
83	3
84	4
85	5
86	6
87	7
88	8
89	1
90	2
91	3
92	4
93	5
94	6
95	7
96	8
97	1
98	2
99	3
100	4
set multi_range_count=30;
explain select * from t0 where key1 in (4, 5, 6, 7, 8, 9, 10, 11, 12, 13, 14, 15, 16, 17, 18, 19, 20, 11, 12, 13, 14, 15, 16, 17, 18, 19, 20, 21, 22, 23, 24, 25, 26, 27, 28, 29, 30, 31, 32, 33, 34, 35, 36, 37, 38, 39, 40, 41, 42, 43, 44, 45, 46, 47, 48, 49, 50, 51, 52, 53, 54, 55, 56, 57, 58, 59, 60, 61, 62, 63, 64, 65, 66, 67, 68, 69, 70, 71, 72, 73, 74, 75, 76, 77, 78, 79, 80, 81, 82, 83, 84, 85, 86, 87, 88, 89, 90, 91, 92, 93, 94, 95, 96, 97, 98, 99, 100) order by key1;
id	select_type	table	type	possible_keys	key	key_len	ref	rows	Extra
1	SIMPLE	t0	range	PRIMARY	PRIMARY	4	NULL	97	Using where
select * from t0 where key1 in (4, 5, 6, 7, 8, 9, 10, 11, 12, 13, 14, 15, 16, 17, 18, 19, 20, 11, 12, 13, 14, 15, 16, 17, 18, 19, 20, 21, 22, 23, 24, 25, 26, 27, 28, 29, 30, 31, 32, 33, 34, 35, 36, 37, 38, 39, 40, 41, 42, 43, 44, 45, 46, 47, 48, 49, 50, 51, 52, 53, 54, 55, 56, 57, 58, 59, 60, 61, 62, 63, 64, 65, 66, 67, 68, 69, 70, 71, 72, 73, 74, 75, 76, 77, 78, 79, 80, 81, 82, 83, 84, 85, 86, 87, 88, 89, 90, 91, 92, 93, 94, 95, 96, 97, 98, 99, 100) order by key1;
key1	val
4	4
5	5
6	6
7	7
8	8
9	1
10	2
11	3
12	4
13	5
14	6
15	7
16	8
17	1
18	2
19	3
20	4
21	5
22	6
23	7
24	8
25	1
26	2
27	3
28	4
29	5
30	6
31	7
32	8
33	1
34	2
35	3
36	4
37	5
38	6
39	7
40	8
41	1
42	2
43	3
44	4
45	5
46	6
47	7
48	8
49	1
50	2
51	3
52	4
53	5
54	6
55	7
56	8
57	1
58	2
59	3
60	4
61	5
62	6
63	7
64	8
65	1
66	2
67	3
68	4
69	5
70	6
71	7
72	8
73	1
74	2
75	3
76	4
77	5
78	6
79	7
80	8
81	1
82	2
83	3
84	4
85	5
86	6
87	7
88	8
89	1
90	2
91	3
92	4
93	5
94	6
95	7
96	8
97	1
98	2
99	3
100	4
set multi_range_count=DEFAULT;
drop table t0;
