include/master-slave.inc
[connection master]
CREATE TABLE t2(a INT) ENGINE=MYISAM;
CREATE TABLE t3(a INT) ENGINE=INNODB;
CREATE FUNCTION f1() RETURNS INT
BEGIN
insert into t2 values(1);
insert into t3 values(1);
return 1;
END|
CREATE TABLE t1(UNIQUE(a)) ENGINE=MYISAM SELECT 1 AS a UNION ALL SELECT f1();
ERROR 23000: Duplicate entry '1' for key 'a'
CREATE TABLE t1(UNIQUE(a)) ENGINE=INNODB SELECT 1 AS a UNION ALL SELECT f1();
ERROR 23000: Duplicate entry '1' for key 'a'
show binlog events in 'master-bin.000001' from <binlog_start>;
Log_name	Pos	Event_type	Server_id	End_log_pos	Info
DROP FUNCTION f1;
DROP TABLE t2, t3;
include/rpl_end.inc
