include/master-slave.inc
[connection master]
create table log_test (col1 int, col2 int);
insert into log_test values (1, 2);
insert into log_test values (3, 4);
drop table log_test;
create table log_test1 (col1 int, col2 varchar(32));
create table log_test2 (col1 int, col2 varchar(32), col3 text);
create table log_test3 (col1 int, col2 varchar(32));
create table log_test4 (col1 int, col2 varchar(32), col3 int);
insert into log_test1 values (1, "test1");
insert into log_test1(col2, col1) values ("test2", 2);
insert into log_test1 values (3, "arg with 'single quote' blah");
insert into log_test1 values (4, "arg with \"double quote\" blah");
insert into log_test1 values (5, NULL);
replace into log_test1 values (1, "replace tests");
replace into log_test1 values (6, "replace test");
insert into log_test1 values (7, "Multi-row insert"), (8, "Multi-row insert");
insert into log_test3 select * from log_test1;
update log_test1 set col2="changed1" where col1=1;
update log_test1 set col1=2 where col1=1;
update log_test1 set col2="foo" where col1=2;
update log_test1 set col2="FOO" where col1=2;
insert into log_test4 values (1, NULL, NULL);
insert into log_test4 values (2, NULL, NULL);
insert into log_test4 values (3, "three", 3);
update log_test4 set col2="one" where col1=1;
update log_test4 set col2=NULL where col1=1;
update log_test4 set col2="" where col1=2;
update log_test4 set col2=NULL where col1=2;
update log_test4 set col2="new three" where col1=3;
update log_test4 set col2=NULL where col1=3;
update log_test4 set col3=1 where col1=1;
update log_test4 set col3=NULL where col1=1;
delete from log_test1 where col1=3;
delete from log_test1 where col1=4;
delete from log_test1;
insert into log_test2 values (2, "foo", NULL);
insert into log_test2 values (1, NULL, "bar");
delete from log_test2 where col1=2 and col2="foo" and col3 is NULL;
delete from log_test2 where col1=1 and col2 is NULL and col3="bar";
insert into log_test1 values (1, 'test');
insert into log_test1 values (2, 'test');
insert into log_test1 values (3, 'test');
truncate table log_test1;
drop table log_test1;
drop table log_test2;
drop table log_test3;
drop table log_test4;
create table log_numeric1 (col1 tinyint, col2 smallint, col3 mediumint, col4 int, col5 bigint);
insert into log_numeric1 values(0, 0, 0, 0, 0);
insert into log_numeric1 values(-100, -100, -100, -100, -100);
insert into log_numeric1 values(100, 100, 100, 100, 100);
insert into log_numeric1 values(-128, -32768, -8388608, -2147483648, -9223372036854775808);
insert into log_numeric1 values(127, 32767, 8388607, 2147483647, 9223372036854775807);
delete from log_numeric1 where col2=-100;
update log_numeric1 set col3=47 where col3=-8388608;
update log_numeric1 set col4=29 where col4=2147483647;
update log_numeric1 set col5=9223372036854775800 where col5=9223372036854775807;
create table log_numeric2 (col1 tinyint unsigned, col2 smallint unsigned, col3 mediumint unsigned, col4 int unsigned, col5 bigint unsigned);
insert into log_numeric2 values(0, 0, 0, 0, 0);
insert into log_numeric2 values(255, 65535, 16777215, 4294967295, 18446744073709551615);
update log_numeric2 set col5=18446744073709551600 where col5=18446744073709551615;
delete from log_numeric2 where col5=18446744073709551600;
create table log_bit (col1 bit(1), col2 bit(17));
insert into log_bit values (b'0', b'0');
insert into log_bit values (b'1', b'1');
insert into log_bit values (b'0', b'10101010');
insert into log_bit values (b'0', b'00000000');
insert into log_bit values (b'0', b'1111111111111111');
update log_bit set col1=b'1', col2=b'11001100' where col1=b'0' and col2=b'10101010';
delete from log_bit where col1=b'0';
delete from log_bit where col1=b'1' and col2=b'11001100';
create table log_bit2 (col1 bit(64));
insert into log_bit2 values (b'1000100010001000100010001000100010001000100010001000100010001000');
create table log_fp1 (col1 float, col2 double);
insert into log_fp1 values(0.0, 0.0);
insert into log_fp1 values(-0.0, -0.0);
insert into log_fp1 values(-0.0000001, -0.000001);
insert into log_fp1 values(-1e-200, -1e-200);
insert into log_fp1 values(1e-200, 1e-200);
insert into log_fp1 values(-1.0, -1.0);
insert into log_fp1 values("nan", "nan");
Warnings:
Warning	1265	Data truncated for column 'col1' at row 1
Warning	1265	Data truncated for column 'col2' at row 1
insert into log_fp1 values("inf", "inf");
Warnings:
Warning	1265	Data truncated for column 'col1' at row 1
Warning	1265	Data truncated for column 'col2' at row 1
insert into log_fp1 values(COS(0.4), COS(0.4));
update log_fp1 set col1=SIN(0.4) where col1=COS(0.4);
delete from log_fp1 where col1=SIN(0.4);
delete from log_fp1 where col1=-1e-200;
update log_fp1 set col2=1e37 where col2=1e-200;
update log_fp1 set col2=3.14159 where col2=-0.000001;
delete from log_fp1 where col1=-0.0000001;
create table log_dt1 (col1 datetime, col2 date, col4 time, col5 year);
insert into log_dt1 values('0000-00-00 00:00:00', '0000-00-00', '00:00:00', '0000');
insert into log_dt1 values('2008-12-01 13:56:04', '2008-12-01', '13:56:04', '2008');
update log_dt1 set col1='2004-04-03 12:00:00' where col1='0000-00-00 00:00:00';
update log_dt1 set col2='2004-04-03' where col2='0000-00-00';
update log_dt1 set col4='12:00:00' where col4='00:00:00';
update log_dt1 set col5='2004' where col5='0000';
delete from log_dt1 where col5='2004';
create table log_str1 (col1 char(4), col2 varchar(4));
insert into log_str1 values('', '');
insert into log_str1 values('foo', 'bar');
insert into log_str1 values(' foo', ' bar');
insert into log_str1 values('a\0\0', 'b\0\0');
delete from log_str1 where col1='foo';
update log_str1 set col1='foo' where col1=' foo' and col2=' bar';
create table log_str2 (col1 binary(16), col2 varbinary(16));
insert into log_str2 values('a', 'b');
insert into log_str2 values('a\0\0', 'b\0\0');
insert into log_str2 values('\0\1a', '\0\1b');
delete from log_str2 where col1='a\0\0';
update log_str2 set col1='x\0\0\1\1' where col2='\0\1b';
create table log_str3 (col1 blob, col2 text);
insert into log_str3 values('a', 'b');
insert into log_str3 values('a\0\0', 'b\0\0');
insert into log_str3 values('\0\1a', '\0\1b');
delete from log_str3 where col1='a\0\0';
update log_str3 set col1='x\0\0\1\1' where col2='\0\1b';
insert into log_str3 values('\0', NULL);
insert into log_str3 values('\0t', NULL);
insert into log_str3 values('\0te', NULL);
insert into log_str3 values('\0tes', NULL);
insert into log_str3 values('\0test', NULL);
insert into log_str3 values('\0test1', NULL);
insert into log_str3 values('\0test12', NULL);
insert into log_str3 values('\0test123', NULL);
insert into log_str3 values('\0test1234', NULL);
insert into log_str3 values('\0abcdefghijklmnopqrstuvwxyz=01234567890', NULL);
create table log_enum1 (col1 ENUM('one', 'two', 'three'));
insert into log_enum1 values('one');
insert into log_enum1 values('two');
insert into log_enum1 values('three');
insert into log_enum1 values(1);
insert into log_enum1 values(NULL);
delete from log_enum1 where col1=1;
delete from log_enum1 where col1='two';
update log_enum1 set col1='two' where col1=3;
update log_enum1 set col1=1 where col1='two';
create table log_set1 (col1 SET('a', 'b', 'c', 'd'));
insert into log_set1 values('a');
insert into log_set1 values('a,b');
insert into log_set1 values('c,d');
insert into log_set1 values('a,b,c');
insert into log_set1 values('a,b,c,d');
delete from log_set1 where col1='c,d';
update log_set1 set col1='a,b' where col1='a,b,c';
drop table log_bit;
drop table log_bit2;
drop table log_dt1;
drop table log_enum1;
drop table log_fp1;
drop table log_numeric1;
drop table log_numeric2;
drop table log_set1;
drop table log_str1;
drop table log_str2;
drop table log_str3;
create database mysqltest;
create table mysqltest.item (name char(20) default '' not null, price int(5) default '0' not null, floatprice float, comment char(20), mybits bit(8), nullstring char(10), enumcol enum('true', 'false'), setcol set('red', 'yellow', 'blue'), tinycol tinyint, bigintcol bigint(20), float8col float8, varcharcol varchar(20), varbinarycol varbinary(20), yearcol year, datecol date, timecol time, datetimecol datetime, tinyblobcol tinyblob, mediumblobcol mediumblob, primary  key (name));
insert into mysqltest.item values('google cup', 10, 5.0, '\'\n', b'1001', null, 'true', 'red,yellow', 13, 1234567890, 12.34, 'varchar column', 'varbinary column', 2008, '2008-11-15', '09:10:11', '2008-11-15 09:10:11', 'Tiny blob column', 'Medium blob col');
insert into mysqltest.item values('google hat', 5, 5.0, '\'\n', b'1001', null, 'true', 'red,yellow', 13, 1234567890, 12.34, 'varchar column', 'varbinary column', 2008, '2008-11-15', '09:10:11', '2008-11-15 09:10:11', 'Tiny blob column', 'Medium blob col');
create table mysqltest.myitem select * from mysqltest.item;
update mysqltest.item, mysqltest.myitem set mysqltest.myitem.price=12, mysqltest.item.price=13 where mysqltest.item.name='google cup' and mysqltest.myitem.name='google hat';
delete mysqltest.item, mysqltest.myitem from mysqltest.item inner join mysqltest.myitem on mysqltest.item.name=mysqltest.myitem.name;
create index price_index on mysqltest.item(price);
alter table mysqltest.item drop column mediumblobcol;
drop index price_index on mysqltest.item;
truncate table mysqltest.item;
drop table mysqltest.item;
drop database mysqltest;
1 1 CREATE_TABLE test.log_test create table log_test (col1 int, col2 int)
1 1 INSERT test.log_test col1 LONG 1 AND col2 LONG 2
1 1 INSERT test.log_test col1 LONG 3 AND col2 LONG 4
1 1 DROP_TABLE test.log_test drop table log_test
1 1 CREATE_TABLE test.log_test1 create table log_test1 (col1 int, col2 varchar(32))
1 1 CREATE_TABLE test.log_test2 create table log_test2 (col1 int, col2 varchar(32), col3 text)
1 1 CREATE_TABLE test.log_test3 create table log_test3 (col1 int, col2 varchar(32))
1 1 CREATE_TABLE test.log_test4 create table log_test4 (col1 int, col2 varchar(32), col3 int)
1 1 INSERT test.log_test1 col1 LONG 1 AND col2 STRING b64'dGVzdDE='
1 1 INSERT test.log_test1 col1 LONG 2 AND col2 STRING b64'dGVzdDI='
1 1 INSERT test.log_test1 col1 LONG 3 AND col2 STRING b64'YXJnIHdpdGggJ3NpbmdsZSBxdW90ZScgYmxhaA=='
1 1 INSERT test.log_test1 col1 LONG 4 AND col2 STRING b64'YXJnIHdpdGggImRvdWJsZSBxdW90ZSIgYmxhaA=='
1 1 INSERT test.log_test1 col1 LONG 5 AND col2 STRING NULL
1 1 INSERT test.log_test1 col1 LONG 1 AND col2 STRING b64'cmVwbGFjZSB0ZXN0cw=='
1 1 INSERT test.log_test1 col1 LONG 6 AND col2 STRING b64'cmVwbGFjZSB0ZXN0'
1 1 INSERT test.log_test1 col1 LONG 7 AND col2 STRING b64'TXVsdGktcm93IGluc2VydA=='
1 1 INSERT test.log_test1 col1 LONG 8 AND col2 STRING b64'TXVsdGktcm93IGluc2VydA=='
1 1 INSERT test.log_test3 col1 LONG 1 AND col2 STRING b64'dGVzdDE='
1 1 INSERT test.log_test3 col1 LONG 2 AND col2 STRING b64'dGVzdDI='
1 1 INSERT test.log_test3 col1 LONG 3 AND col2 STRING b64'YXJnIHdpdGggJ3NpbmdsZSBxdW90ZScgYmxhaA=='
1 1 INSERT test.log_test3 col1 LONG 4 AND col2 STRING b64'YXJnIHdpdGggImRvdWJsZSBxdW90ZSIgYmxhaA=='
1 1 INSERT test.log_test3 col1 LONG 5 AND col2 STRING NULL
1 1 INSERT test.log_test3 col1 LONG 1 AND col2 STRING b64'cmVwbGFjZSB0ZXN0cw=='
1 1 INSERT test.log_test3 col1 LONG 6 AND col2 STRING b64'cmVwbGFjZSB0ZXN0'
1 1 INSERT test.log_test3 col1 LONG 7 AND col2 STRING b64'TXVsdGktcm93IGluc2VydA=='
1 1 INSERT test.log_test3 col1 LONG 8 AND col2 STRING b64'TXVsdGktcm93IGluc2VydA=='
1 1 UPDATE test.log_test1 col2 STRING b64'Y2hhbmdlZDE=' WHERE col1 LONG 1 AND col2 STRING b64'dGVzdDE='
1 1 UPDATE test.log_test1 col2 STRING b64'Y2hhbmdlZDE=' WHERE col1 LONG 1 AND col2 STRING b64'cmVwbGFjZSB0ZXN0cw=='
1 1 UPDATE test.log_test1 col1 LONG 2 WHERE col1 LONG 1 AND col2 STRING b64'Y2hhbmdlZDE='
1 1 UPDATE test.log_test1 col1 LONG 2 WHERE col1 LONG 1 AND col2 STRING b64'Y2hhbmdlZDE='
1 1 UPDATE test.log_test1 col2 STRING b64'Zm9v' WHERE col1 LONG 2 AND col2 STRING b64'Y2hhbmdlZDE='
1 1 UPDATE test.log_test1 col2 STRING b64'Zm9v' WHERE col1 LONG 2 AND col2 STRING b64'dGVzdDI='
1 1 UPDATE test.log_test1 col2 STRING b64'Zm9v' WHERE col1 LONG 2 AND col2 STRING b64'Y2hhbmdlZDE='
1 1 UPDATE test.log_test1 col2 STRING b64'Rk9P' WHERE col1 LONG 2 AND col2 STRING b64'Zm9v'
1 1 UPDATE test.log_test1 col2 STRING b64'Rk9P' WHERE col1 LONG 2 AND col2 STRING b64'Zm9v'
1 1 UPDATE test.log_test1 col2 STRING b64'Rk9P' WHERE col1 LONG 2 AND col2 STRING b64'Zm9v'
1 1 INSERT test.log_test4 col1 LONG 1 AND col2 STRING NULL AND col3 LONG NULL
1 1 INSERT test.log_test4 col1 LONG 2 AND col2 STRING NULL AND col3 LONG NULL
1 1 INSERT test.log_test4 col1 LONG 3 AND col2 STRING b64'dGhyZWU=' AND col3 LONG 3
1 1 UPDATE test.log_test4 col2 STRING b64'b25l' WHERE col1 LONG 1 AND col2 STRING NULL AND col3 LONG NULL
1 1 UPDATE test.log_test4 col2 STRING NULL WHERE col1 LONG 1 AND col2 STRING b64'b25l' AND col3 LONG NULL
1 1 UPDATE test.log_test4 col2 STRING b64'' WHERE col1 LONG 2 AND col2 STRING NULL AND col3 LONG NULL
1 1 UPDATE test.log_test4 col2 STRING NULL WHERE col1 LONG 2 AND col2 STRING b64'' AND col3 LONG NULL
1 1 UPDATE test.log_test4 col2 STRING b64'bmV3IHRocmVl' WHERE col1 LONG 3 AND col2 STRING b64'dGhyZWU=' AND col3 LONG 3
1 1 UPDATE test.log_test4 col2 STRING NULL WHERE col1 LONG 3 AND col2 STRING b64'bmV3IHRocmVl' AND col3 LONG 3
1 1 UPDATE test.log_test4 col3 LONG 1 WHERE col1 LONG 1 AND col2 STRING NULL AND col3 LONG NULL
1 1 UPDATE test.log_test4 col3 LONG NULL WHERE col1 LONG 1 AND col2 STRING NULL AND col3 LONG 1
1 1 DELETE test.log_test1 WHERE col1 LONG 3 AND col2 STRING b64'YXJnIHdpdGggJ3NpbmdsZSBxdW90ZScgYmxhaA=='
1 1 DELETE test.log_test1 WHERE col1 LONG 4 AND col2 STRING b64'YXJnIHdpdGggImRvdWJsZSBxdW90ZSIgYmxhaA=='
1 1 DELETE_TABLE test.log_test1 delete from log_test1
1 1 INSERT test.log_test2 col1 LONG 2 AND col2 STRING b64'Zm9v' AND col3 BLOB NULL
1 1 INSERT test.log_test2 col1 LONG 1 AND col2 STRING NULL AND col3 BLOB b64'YmFy'
1 1 DELETE test.log_test2 WHERE col1 LONG 2 AND col2 STRING b64'Zm9v' AND col3 BLOB NULL
1 1 DELETE test.log_test2 WHERE col1 LONG 1 AND col2 STRING NULL AND col3 BLOB b64'YmFy'
1 1 INSERT test.log_test1 col1 LONG 1 AND col2 STRING b64'dGVzdA=='
1 1 INSERT test.log_test1 col1 LONG 2 AND col2 STRING b64'dGVzdA=='
1 1 INSERT test.log_test1 col1 LONG 3 AND col2 STRING b64'dGVzdA=='
1 1 TRUNCATE_TABLE test.log_test1 truncate table log_test1
1 1 DROP_TABLE test.log_test1 drop table log_test1
1 1 DROP_TABLE test.log_test2 drop table log_test2
1 1 DROP_TABLE test.log_test3 drop table log_test3
1 1 DROP_TABLE test.log_test4 drop table log_test4
1 1 CREATE_TABLE test.log_numeric1 create table log_numeric1 (col1 tinyint, col2 smallint, col3 mediumint, col4 int, col5 bigint)
1 1 INSERT test.log_numeric1 col1 TINY 0 AND col2 SHORT 0 AND col3 INT24 0 AND col4 LONG 0 AND col5 LONGLONG 0
1 1 INSERT test.log_numeric1 col1 TINY -100 AND col2 SHORT -100 AND col3 INT24 -100 AND col4 LONG -100 AND col5 LONGLONG -100
1 1 INSERT test.log_numeric1 col1 TINY 100 AND col2 SHORT 100 AND col3 INT24 100 AND col4 LONG 100 AND col5 LONGLONG 100
1 1 INSERT test.log_numeric1 col1 TINY -128 AND col2 SHORT -32768 AND col3 INT24 -8388608 AND col4 LONG -2147483648 AND col5 LONGLONG -9223372036854775808
1 1 INSERT test.log_numeric1 col1 TINY 127 AND col2 SHORT 32767 AND col3 INT24 8388607 AND col4 LONG 2147483647 AND col5 LONGLONG 9223372036854775807
1 1 DELETE test.log_numeric1 WHERE col1 TINY -100 AND col2 SHORT -100 AND col3 INT24 -100 AND col4 LONG -100 AND col5 LONGLONG -100
1 1 UPDATE test.log_numeric1 col3 INT24 47 WHERE col1 TINY -128 AND col2 SHORT -32768 AND col3 INT24 -8388608 AND col4 LONG -2147483648 AND col5 LONGLONG -9223372036854775808
1 1 UPDATE test.log_numeric1 col4 LONG 29 WHERE col1 TINY 127 AND col2 SHORT 32767 AND col3 INT24 8388607 AND col4 LONG 2147483647 AND col5 LONGLONG 9223372036854775807
1 1 UPDATE test.log_numeric1 col5 LONGLONG 9223372036854775800 WHERE col1 TINY 127 AND col2 SHORT 32767 AND col3 INT24 8388607 AND col4 LONG 29 AND col5 LONGLONG 9223372036854775807
1 1 CREATE_TABLE test.log_numeric2 create table log_numeric2 (col1 tinyint unsigned, col2 smallint unsigned, col3 mediumint unsigned, col4 int unsigned, col5 bigint unsigned)
1 1 INSERT test.log_numeric2 col1 TINY 0 AND col2 SHORT 0 AND col3 INT24 0 AND col4 LONG 0 AND col5 LONGLONG 0
1 1 INSERT test.log_numeric2 col1 TINY 255 AND col2 SHORT 65535 AND col3 INT24 16777215 AND col4 LONG 4294967295 AND col5 LONGLONG 18446744073709551615
1 1 UPDATE test.log_numeric2 col5 LONGLONG 18446744073709551600 WHERE col1 TINY 255 AND col2 SHORT 65535 AND col3 INT24 16777215 AND col4 LONG 4294967295 AND col5 LONGLONG 18446744073709551615
1 1 DELETE test.log_numeric2 WHERE col1 TINY 255 AND col2 SHORT 65535 AND col3 INT24 16777215 AND col4 LONG 4294967295 AND col5 LONGLONG 18446744073709551600
1 1 CREATE_TABLE test.log_bit create table log_bit (col1 bit(1), col2 bit(17))
1 1 INSERT test.log_bit col1 BIT b'0' AND col2 BIT b'0'
1 1 INSERT test.log_bit col1 BIT b'1' AND col2 BIT b'1'
1 1 INSERT test.log_bit col1 BIT b'0' AND col2 BIT b'10101010'
1 1 INSERT test.log_bit col1 BIT b'0' AND col2 BIT b'0'
1 1 INSERT test.log_bit col1 BIT b'0' AND col2 BIT b'1111111111111111'
1 1 UPDATE test.log_bit col2 BIT b'11001100' WHERE col1 BIT b'1' AND col2 BIT b'10101010'
1 1 DELETE test.log_bit WHERE col1 BIT b'0' AND col2 BIT b'0'
1 1 DELETE test.log_bit WHERE col1 BIT b'0' AND col2 BIT b'0'
1 1 DELETE test.log_bit WHERE col1 BIT b'0' AND col2 BIT b'1111111111111111'
1 1 DELETE test.log_bit WHERE col1 BIT b'1' AND col2 BIT b'11001100'
1 1 CREATE_TABLE test.log_bit2 create table log_bit2 (col1 bit(64))
1 1 INSERT test.log_bit2 col1 BIT b'1000100010001000100010001000100010001000100010001000100010001000'
1 1 CREATE_TABLE test.log_fp1 create table log_fp1 (col1 float, col2 double)
1 1 INSERT test.log_fp1 col1 FLOAT 0 AND col2 DOUBLE 0
1 1 INSERT test.log_fp1 col1 FLOAT 0 AND col2 DOUBLE 0
1 1 INSERT test.log_fp1 col1 FLOAT -1.0000000116860974e-07 AND col2 DOUBLE -9.9999999999999995e-07
1 1 INSERT test.log_fp1 col1 FLOAT -0 AND col2 DOUBLE -9.9999999999999998e-201
1 1 INSERT test.log_fp1 col1 FLOAT 0 AND col2 DOUBLE 9.9999999999999998e-201
1 1 INSERT test.log_fp1 col1 FLOAT -1 AND col2 DOUBLE -1
1 1 INSERT test.log_fp1 col1 FLOAT 0 AND col2 DOUBLE 0
1 1 INSERT test.log_fp1 col1 FLOAT 0 AND col2 DOUBLE 0
1 1 INSERT test.log_fp1 col1 FLOAT 0.92106097936630249 AND col2 DOUBLE 0.9210609940028851
1 1 UPDATE test.log_fp1 col2 DOUBLE 9.9999999999999995e+36 WHERE col1 FLOAT 0 AND col2 DOUBLE 9.9999999999999998e-201
1 1 UPDATE test.log_fp1 col2 DOUBLE 3.1415899999999999 WHERE col1 FLOAT -1.0000000116860974e-07 AND col2 DOUBLE -9.9999999999999995e-07
1 1 CREATE_TABLE test.log_dt1 create table log_dt1 (col1 datetime, col2 date, col4 time, col5 year)
1 1 INSERT test.log_dt1 col1 DATETIME b64'MDAwMC0wMC0wMCAwMDowMDowMA==' AND col2 DATE b64'MDAwMC0wMC0wMA==' AND col4 TIME b64'MDA6MDA6MDA=' AND col5 YEAR 0000
1 1 INSERT test.log_dt1 col1 DATETIME b64'MjAwOC0xMi0wMSAxMzo1NjowNA==' AND col2 DATE b64'MjAwOC0xMi0wMQ==' AND col4 TIME b64'MTM6NTY6MDQ=' AND col5 YEAR 2008
1 1 UPDATE test.log_dt1 col1 DATETIME b64'MjAwNC0wNC0wMyAxMjowMDowMA==' WHERE col1 DATETIME b64'MDAwMC0wMC0wMCAwMDowMDowMA==' AND col2 DATE b64'MDAwMC0wMC0wMA==' AND col4 TIME b64'MDA6MDA6MDA=' AND col5 YEAR 0000
1 1 UPDATE test.log_dt1 col2 DATE b64'MjAwNC0wNC0wMw==' WHERE col1 DATETIME b64'MjAwNC0wNC0wMyAxMjowMDowMA==' AND col2 DATE b64'MDAwMC0wMC0wMA==' AND col4 TIME b64'MDA6MDA6MDA=' AND col5 YEAR 0000
1 1 UPDATE test.log_dt1 col4 TIME b64'MTI6MDA6MDA=' WHERE col1 DATETIME b64'MjAwNC0wNC0wMyAxMjowMDowMA==' AND col2 DATE b64'MjAwNC0wNC0wMw==' AND col4 TIME b64'MDA6MDA6MDA=' AND col5 YEAR 0000
1 1 UPDATE test.log_dt1 col5 YEAR 2004 WHERE col1 DATETIME b64'MjAwNC0wNC0wMyAxMjowMDowMA==' AND col2 DATE b64'MjAwNC0wNC0wMw==' AND col4 TIME b64'MTI6MDA6MDA=' AND col5 YEAR 0000
1 1 DELETE test.log_dt1 WHERE col1 DATETIME b64'MjAwNC0wNC0wMyAxMjowMDowMA==' AND col2 DATE b64'MjAwNC0wNC0wMw==' AND col4 TIME b64'MTI6MDA6MDA=' AND col5 YEAR 2004
1 1 CREATE_TABLE test.log_str1 create table log_str1 (col1 char(4), col2 varchar(4))
1 1 INSERT test.log_str1 col1 STRING b64'' AND col2 STRING b64''
1 1 INSERT test.log_str1 col1 STRING b64'Zm9v' AND col2 STRING b64'YmFy'
1 1 INSERT test.log_str1 col1 STRING b64'IGZvbw==' AND col2 STRING b64'IGJhcg=='
1 1 INSERT test.log_str1 col1 STRING b64'YQAA' AND col2 STRING b64'YgAA'
1 1 DELETE test.log_str1 WHERE col1 STRING b64'Zm9v' AND col2 STRING b64'YmFy'
1 1 UPDATE test.log_str1 col1 STRING b64'Zm9v' WHERE col1 STRING b64'IGZvbw==' AND col2 STRING b64'IGJhcg=='
1 1 CREATE_TABLE test.log_str2 create table log_str2 (col1 binary(16), col2 varbinary(16))
1 1 INSERT test.log_str2 col1 STRING b64'YQAAAAAAAAAAAAAAAAAAAA==' AND col2 STRING b64'Yg=='
1 1 INSERT test.log_str2 col1 STRING b64'YQAAAAAAAAAAAAAAAAAAAA==' AND col2 STRING b64'YgAA'
1 1 INSERT test.log_str2 col1 STRING b64'ADFhAAAAAAAAAAAAAAAAAA==' AND col2 STRING b64'ADFi'
1 1 UPDATE test.log_str2 col1 STRING b64'eAAAMTEAAAAAAAAAAAAAAA==' WHERE col1 STRING b64'ADFhAAAAAAAAAAAAAAAAAA==' AND col2 STRING b64'ADFi'
1 1 CREATE_TABLE test.log_str3 create table log_str3 (col1 blob, col2 text)
1 1 INSERT test.log_str3 col1 BLOB b64'YQ==' AND col2 BLOB b64'Yg=='
1 1 INSERT test.log_str3 col1 BLOB b64'YQAA' AND col2 BLOB b64'YgAA'
1 1 INSERT test.log_str3 col1 BLOB b64'ADFh' AND col2 BLOB b64'ADFi'
1 1 DELETE test.log_str3 WHERE col1 BLOB b64'YQAA' AND col2 BLOB b64'YgAA'
1 1 UPDATE test.log_str3 col1 BLOB b64'eAAAMTE=' WHERE col1 BLOB b64'ADFh' AND col2 BLOB b64'ADFi'
1 1 INSERT test.log_str3 col1 BLOB b64'AA==' AND col2 BLOB NULL
1 1 INSERT test.log_str3 col1 BLOB b64'AHQ=' AND col2 BLOB NULL
1 1 INSERT test.log_str3 col1 BLOB b64'AHRl' AND col2 BLOB NULL
1 1 INSERT test.log_str3 col1 BLOB b64'AHRlcw==' AND col2 BLOB NULL
1 1 INSERT test.log_str3 col1 BLOB b64'AHRlc3Q=' AND col2 BLOB NULL
1 1 INSERT test.log_str3 col1 BLOB b64'AHRlc3Qx' AND col2 BLOB NULL
1 1 INSERT test.log_str3 col1 BLOB b64'AHRlc3QxMg==' AND col2 BLOB NULL
1 1 INSERT test.log_str3 col1 BLOB b64'AHRlc3QxMjM=' AND col2 BLOB NULL
1 1 INSERT test.log_str3 col1 BLOB b64'AHRlc3QxMjM0' AND col2 BLOB NULL
1 1 INSERT test.log_str3 col1 BLOB b64'AGFiY2RlZmdoaWprbG1ub3BxcnN0dXZ3eHl6PTAxMjM0NTY3ODkw' AND col2 BLOB NULL
1 1 CREATE_TABLE test.log_enum1 create table log_enum1 (col1 ENUM('one', 'two', 'three'))
1 1 INSERT test.log_enum1 col1 ENUM b64'b25l'
1 1 INSERT test.log_enum1 col1 ENUM b64'dHdv'
1 1 INSERT test.log_enum1 col1 ENUM b64'dGhyZWU='
1 1 INSERT test.log_enum1 col1 ENUM b64'b25l'
1 1 INSERT test.log_enum1 col1 ENUM NULL
1 1 DELETE test.log_enum1 WHERE col1 ENUM b64'b25l'
1 1 DELETE test.log_enum1 WHERE col1 ENUM b64'b25l'
1 1 DELETE test.log_enum1 WHERE col1 ENUM b64'dHdv'
1 1 UPDATE test.log_enum1 col1 ENUM b64'dHdv' WHERE col1 ENUM b64'dGhyZWU='
1 1 UPDATE test.log_enum1 col1 ENUM b64'b25l' WHERE col1 ENUM b64'dHdv'
1 1 CREATE_TABLE test.log_set1 create table log_set1 (col1 SET('a', 'b', 'c', 'd'))
1 1 INSERT test.log_set1 col1 SET b64'YQ=='
1 1 INSERT test.log_set1 col1 SET b64'YSxi'
1 1 INSERT test.log_set1 col1 SET b64'Yyxk'
1 1 INSERT test.log_set1 col1 SET b64'YSxiLGM='
1 1 INSERT test.log_set1 col1 SET b64'YSxiLGMsZA=='
1 1 DELETE test.log_set1 WHERE col1 SET b64'Yyxk'
1 1 UPDATE test.log_set1 col1 SET b64'YSxi' WHERE col1 SET b64'YSxiLGM='
1 1 DROP_TABLE test.log_bit drop table log_bit
1 1 DROP_TABLE test.log_bit2 drop table log_bit2
1 1 DROP_TABLE test.log_dt1 drop table log_dt1
1 1 DROP_TABLE test.log_enum1 drop table log_enum1
1 1 DROP_TABLE test.log_fp1 drop table log_fp1
1 1 DROP_TABLE test.log_numeric1 drop table log_numeric1
1 1 DROP_TABLE test.log_numeric2 drop table log_numeric2
1 1 DROP_TABLE test.log_set1 drop table log_set1
1 1 DROP_TABLE test.log_str1 drop table log_str1
1 1 DROP_TABLE test.log_str2 drop table log_str2
1 1 DROP_TABLE test.log_str3 drop table log_str3
1 1 CREATE_DB N/A.N/A create database mysqltest
1 1 CREATE_TABLE mysqltest.item create table mysqltest.item (name char(20) default '' not null, price int(5) default '0' not null, floatprice float, comment char(20), mybits bit(8), nullstring char(10), enumcol enum('true', 'false'), setcol set('red', 'yellow', 'blue'), tinycol tinyint, bigintcol bigint(20), float8col float8, varcharcol varchar(20), varbinarycol varbinary(20), yearcol year, datecol date, timecol time, datetimecol datetime, tinyblobcol tinyblob, mediumblobcol mediumblob, primary  key (name))
1 1 INSERT mysqltest.item name STRING b64'Z29vZ2xlIGN1cA==' AND price LONG 10 AND floatprice FLOAT 5 AND comment STRING b64'Jwo=' AND mybits BIT b'1001' AND nullstring STRING NULL AND enumcol ENUM b64'dHJ1ZQ==' AND setcol SET b64'cmVkLHllbGxvdw==' AND tinycol TINY 13 AND bigintcol LONGLONG 1234567890 AND float8col DOUBLE 12.34 AND varcharcol STRING b64'dmFyY2hhciBjb2x1bW4=' AND varbinarycol STRING b64'dmFyYmluYXJ5IGNvbHVtbg==' AND yearcol YEAR 2008 AND datecol DATE b64'MjAwOC0xMS0xNQ==' AND timecol TIME b64'MDk6MTA6MTE=' AND datetimecol DATETIME b64'MjAwOC0xMS0xNSAwOToxMDoxMQ==' AND tinyblobcol BLOB b64'VGlueSBibG9iIGNvbHVtbg==' AND mediumblobcol BLOB b64'TWVkaXVtIGJsb2IgY29s'
1 1 INSERT mysqltest.item name STRING b64'Z29vZ2xlIGhhdA==' AND price LONG 5 AND floatprice FLOAT 5 AND comment STRING b64'Jwo=' AND mybits BIT b'1001' AND nullstring STRING NULL AND enumcol ENUM b64'dHJ1ZQ==' AND setcol SET b64'cmVkLHllbGxvdw==' AND tinycol TINY 13 AND bigintcol LONGLONG 1234567890 AND float8col DOUBLE 12.34 AND varcharcol STRING b64'dmFyY2hhciBjb2x1bW4=' AND varbinarycol STRING b64'dmFyYmluYXJ5IGNvbHVtbg==' AND yearcol YEAR 2008 AND datecol DATE b64'MjAwOC0xMS0xNQ==' AND timecol TIME b64'MDk6MTA6MTE=' AND datetimecol DATETIME b64'MjAwOC0xMS0xNSAwOToxMDoxMQ==' AND tinyblobcol BLOB b64'VGlueSBibG9iIGNvbHVtbg==' AND mediumblobcol BLOB b64'TWVkaXVtIGJsb2IgY29s'
1 1 CREATE_TABLE mysqltest.myitem create table mysqltest.myitem select * from mysqltest.item
1 1 INSERT mysqltest.myitem name STRING b64'Z29vZ2xlIGN1cA==' AND price LONG 10 AND floatprice FLOAT 5 AND comment STRING b64'Jwo=' AND mybits BIT b'1001' AND nullstring STRING NULL AND enumcol ENUM b64'dHJ1ZQ==' AND setcol SET b64'cmVkLHllbGxvdw==' AND tinycol TINY 13 AND bigintcol LONGLONG 1234567890 AND float8col DOUBLE 12.34 AND varcharcol STRING b64'dmFyY2hhciBjb2x1bW4=' AND varbinarycol STRING b64'dmFyYmluYXJ5IGNvbHVtbg==' AND yearcol YEAR 2008 AND datecol DATE b64'MjAwOC0xMS0xNQ==' AND timecol TIME b64'MDk6MTA6MTE=' AND datetimecol DATETIME b64'MjAwOC0xMS0xNSAwOToxMDoxMQ==' AND tinyblobcol BLOB b64'VGlueSBibG9iIGNvbHVtbg==' AND mediumblobcol BLOB b64'TWVkaXVtIGJsb2IgY29s'
1 1 INSERT mysqltest.myitem name STRING b64'Z29vZ2xlIGhhdA==' AND price LONG 5 AND floatprice FLOAT 5 AND comment STRING b64'Jwo=' AND mybits BIT b'1001' AND nullstring STRING NULL AND enumcol ENUM b64'dHJ1ZQ==' AND setcol SET b64'cmVkLHllbGxvdw==' AND tinycol TINY 13 AND bigintcol LONGLONG 1234567890 AND float8col DOUBLE 12.34 AND varcharcol STRING b64'dmFyY2hhciBjb2x1bW4=' AND varbinarycol STRING b64'dmFyYmluYXJ5IGNvbHVtbg==' AND yearcol YEAR 2008 AND datecol DATE b64'MjAwOC0xMS0xNQ==' AND timecol TIME b64'MDk6MTA6MTE=' AND datetimecol DATETIME b64'MjAwOC0xMS0xNSAwOToxMDoxMQ==' AND tinyblobcol BLOB b64'VGlueSBibG9iIGNvbHVtbg==' AND mediumblobcol BLOB b64'TWVkaXVtIGJsb2IgY29s'
1 1 UPDATE mysqltest.item price LONG 13 WHERE name STRING b64'Z29vZ2xlIGN1cA==' AND price LONG 10 AND floatprice FLOAT 5 AND comment STRING b64'Jwo=' AND mybits BIT b'1001' AND nullstring STRING NULL AND enumcol ENUM b64'dHJ1ZQ==' AND setcol SET b64'cmVkLHllbGxvdw==' AND tinycol TINY 13 AND bigintcol LONGLONG 1234567890 AND float8col DOUBLE 12.34 AND varcharcol STRING b64'dmFyY2hhciBjb2x1bW4=' AND varbinarycol STRING b64'dmFyYmluYXJ5IGNvbHVtbg==' AND yearcol YEAR 2008 AND datecol DATE b64'MjAwOC0xMS0xNQ==' AND timecol TIME b64'MDk6MTA6MTE=' AND datetimecol DATETIME b64'MjAwOC0xMS0xNSAwOToxMDoxMQ==' AND tinyblobcol BLOB b64'VGlueSBibG9iIGNvbHVtbg==' AND mediumblobcol BLOB b64'TWVkaXVtIGJsb2IgY29s'
1 1 UPDATE mysqltest.myitem price LONG 12 WHERE name STRING b64'Z29vZ2xlIGhhdA==' AND price LONG 5 AND floatprice FLOAT 5 AND comment STRING b64'Jwo=' AND mybits BIT b'1001' AND nullstring STRING NULL AND enumcol ENUM b64'dHJ1ZQ==' AND setcol SET b64'cmVkLHllbGxvdw==' AND tinycol TINY 13 AND bigintcol LONGLONG 1234567890 AND float8col DOUBLE 12.34 AND varcharcol STRING b64'dmFyY2hhciBjb2x1bW4=' AND varbinarycol STRING b64'dmFyYmluYXJ5IGNvbHVtbg==' AND yearcol YEAR 2008 AND datecol DATE b64'MjAwOC0xMS0xNQ==' AND timecol TIME b64'MDk6MTA6MTE=' AND datetimecol DATETIME b64'MjAwOC0xMS0xNSAwOToxMDoxMQ==' AND tinyblobcol BLOB b64'VGlueSBibG9iIGNvbHVtbg==' AND mediumblobcol BLOB b64'TWVkaXVtIGJsb2IgY29s'
1 1 DELETE mysqltest.myitem WHERE name STRING b64'Z29vZ2xlIGN1cA==' AND price LONG 10 AND floatprice FLOAT 5 AND comment STRING b64'Jwo=' AND mybits BIT b'1001' AND nullstring STRING NULL AND enumcol ENUM b64'dHJ1ZQ==' AND setcol SET b64'cmVkLHllbGxvdw==' AND tinycol TINY 13 AND bigintcol LONGLONG 1234567890 AND float8col DOUBLE 12.34 AND varcharcol STRING b64'dmFyY2hhciBjb2x1bW4=' AND varbinarycol STRING b64'dmFyYmluYXJ5IGNvbHVtbg==' AND yearcol YEAR 2008 AND datecol DATE b64'MjAwOC0xMS0xNQ==' AND timecol TIME b64'MDk6MTA6MTE=' AND datetimecol DATETIME b64'MjAwOC0xMS0xNSAwOToxMDoxMQ==' AND tinyblobcol BLOB b64'VGlueSBibG9iIGNvbHVtbg==' AND mediumblobcol BLOB b64'TWVkaXVtIGJsb2IgY29s'
1 1 DELETE mysqltest.myitem WHERE name STRING b64'Z29vZ2xlIGhhdA==' AND price LONG 12 AND floatprice FLOAT 5 AND comment STRING b64'Jwo=' AND mybits BIT b'1001' AND nullstring STRING NULL AND enumcol ENUM b64'dHJ1ZQ==' AND setcol SET b64'cmVkLHllbGxvdw==' AND tinycol TINY 13 AND bigintcol LONGLONG 1234567890 AND float8col DOUBLE 12.34 AND varcharcol STRING b64'dmFyY2hhciBjb2x1bW4=' AND varbinarycol STRING b64'dmFyYmluYXJ5IGNvbHVtbg==' AND yearcol YEAR 2008 AND datecol DATE b64'MjAwOC0xMS0xNQ==' AND timecol TIME b64'MDk6MTA6MTE=' AND datetimecol DATETIME b64'MjAwOC0xMS0xNSAwOToxMDoxMQ==' AND tinyblobcol BLOB b64'VGlueSBibG9iIGNvbHVtbg==' AND mediumblobcol BLOB b64'TWVkaXVtIGJsb2IgY29s'
1 1 DELETE mysqltest.item WHERE name STRING b64'Z29vZ2xlIGN1cA==' AND price LONG 13 AND floatprice FLOAT 5 AND comment STRING b64'Jwo=' AND mybits BIT b'1001' AND nullstring STRING NULL AND enumcol ENUM b64'dHJ1ZQ==' AND setcol SET b64'cmVkLHllbGxvdw==' AND tinycol TINY 13 AND bigintcol LONGLONG 1234567890 AND float8col DOUBLE 12.34 AND varcharcol STRING b64'dmFyY2hhciBjb2x1bW4=' AND varbinarycol STRING b64'dmFyYmluYXJ5IGNvbHVtbg==' AND yearcol YEAR 2008 AND datecol DATE b64'MjAwOC0xMS0xNQ==' AND timecol TIME b64'MDk6MTA6MTE=' AND datetimecol DATETIME b64'MjAwOC0xMS0xNSAwOToxMDoxMQ==' AND tinyblobcol BLOB b64'VGlueSBibG9iIGNvbHVtbg==' AND mediumblobcol BLOB b64'TWVkaXVtIGJsb2IgY29s'
1 1 DELETE mysqltest.item WHERE name STRING b64'Z29vZ2xlIGhhdA==' AND price LONG 5 AND floatprice FLOAT 5 AND comment STRING b64'Jwo=' AND mybits BIT b'1001' AND nullstring STRING NULL AND enumcol ENUM b64'dHJ1ZQ==' AND setcol SET b64'cmVkLHllbGxvdw==' AND tinycol TINY 13 AND bigintcol LONGLONG 1234567890 AND float8col DOUBLE 12.34 AND varcharcol STRING b64'dmFyY2hhciBjb2x1bW4=' AND varbinarycol STRING b64'dmFyYmluYXJ5IGNvbHVtbg==' AND yearcol YEAR 2008 AND datecol DATE b64'MjAwOC0xMS0xNQ==' AND timecol TIME b64'MDk6MTA6MTE=' AND datetimecol DATETIME b64'MjAwOC0xMS0xNSAwOToxMDoxMQ==' AND tinyblobcol BLOB b64'VGlueSBibG9iIGNvbHVtbg==' AND mediumblobcol BLOB b64'TWVkaXVtIGJsb2IgY29s'
1 1 CREATE_INDEX mysqltest.item create index price_index on mysqltest.item(price)
1 1 ALTER_TABLE mysqltest.item alter table mysqltest.item drop column mediumblobcol
1 1 DROP_INDEX mysqltest.item drop index price_index on mysqltest.item
1 1 TRUNCATE_TABLE mysqltest.item truncate table mysqltest.item
1 1 DROP_TABLE mysqltest.item drop table mysqltest.item
1 1 DROP_DB N/A.N/A drop database mysqltest
include/rpl_end.inc
